经度,106.0372,,,,,,,,,,,
纬度,37.4053,,,,,,,,,,,
开始时间,2000年01月01日 00时,,,,,,,,,,,
结束时间,2000年01月07日 23时,,,,,,,,,,,
时区,GMT+08:00,,,,,,,,,,,
数据源,欧洲中期天气中心,,,,,,,,,,,
,,,,,,,,,,,,
日期,时间,气温℃,湿度%,气压hPa,降水量mm/h,纬向风m/s,经向风m/s,地面风速m/s,风向°,地表水平辐射W/m^2,法向直接辐射W/m^2,散射辐射W/m^2
2000-01-01,00:00:00,-5.492956542968727,50.367822364290085,866.491328125,0.0,1.7392909526824951,1.9434534311294556,2.6080920721960785,221.826904296875,0.0,0.0,0.0
2000-01-01,01:00:00,-6.220007324218727,52.125799961524436,866.40578125,0.0,1.3579270839691162,2.200014591217041,2.585349138307001,211.68435668945312,0.0,0.0,0.0
2000-01-01,02:00:00,-6.467199707031227,51.9225093527147,866.722421875,0.0,1.7892076969146729,1.937118649482727,2.636985560232079,222.7269287109375,0.0,0.0,0.0
2000-01-01,03:00:00,-6.935430908203102,50.650741650029204,867.552421875,0.0,2.368242025375366,1.6243356466293335,2.871765412366538,235.55445861816406,0.0,0.0,0.0
2000-01-01,04:00:00,-5.952429199218727,56.629152031300755,868.3140625,0.0,3.047109603881836,1.080330729484558,3.232953977887337,250.4783935546875,0.0,0.0,0.0
2000-01-01,05:00:00,-5.434790039062477,53.05591334051264,868.45953125,0.0,3.469405174255371,0.7525023818016052,3.550074942556429,257.7622985839844,0.0,0.0,0.0
2000-01-01,06:00:00,-5.360632324218727,50.06324363873639,870.111015625,0.0,4.025477886199951,0.31223055720329285,4.03756859175622,265.5648193359375,0.0,0.0,0.0
2000-01-01,07:00:00,-4.092657470703102,52.163868062076766,871.3465625,0.02681836485862732,5.065359115600586,-1.2925529479980469,5.227672148612267,284.31494140625,0.0,0.0,0.0
2000-01-01,08:00:00,-4.548864746093727,63.40988563752086,872.660234375,0.03486312925815582,5.733432769775391,-1.535764455795288,5.935555895551697,284.99530029296875,14.325243055555555,8.564614038874925,13.768543143028685
2000-01-01,09:00:00,-4.409216308593727,66.07442375960284,873.956328125,0.0008940696716308594,5.556827545166016,-1.380023717880249,5.725626413644868,283.94708251953125,112.04197916666666,57.877916646921534,99.42336533796453
2000-01-01,10:00:00,4.383294677734398,38.19758972706587,874.555859375,0.0,7.117011547088623,-2.224863290786743,7.456666146749713,287.35986328125,294.4029861111111,451.3320932626727,136.19779500791597
2000-01-01,11:00:00,4.429864501953148,34.80067106266746,874.60875,0.0,7.462149620056152,-2.5374109745025635,7.881759410539644,288.77996826171875,418.1194097222222,635.1763538108042,136.75723657399374
2000-01-01,12:00:00,4.526055908203148,32.35815996946795,873.84171875,0.0,7.085727214813232,-2.7624881267547607,7.605187099158437,291.29913330078125,499.6952777777778,791.301275096778,112.72170266910975
2000-01-01,13:00:00,4.527612304687523,31.45708659486252,873.10109375,0.0,6.966644287109375,-3.3342483043670654,7.723428278833716,295.57586669921875,501.1659375,813.0691686605403,106.34580500597727
2000-01-01,14:00:00,4.519860839843773,32.20913273679003,872.93359375,0.0,6.587194919586182,-3.6905314922332764,7.550573461915828,299.2601013183594,439.9250347222222,779.7299635053326,102.39927771985312
2000-01-01,15:00:00,4.695214843750023,32.28090144931342,873.374375,0.0,6.04022216796875,-3.7353336811065674,7.101901262875333,301.7330627441406,323.67079861111114,681.1818203916752,95.83204680221328
2000-01-01,16:00:00,1.5978027343750227,32.353942919215484,873.85046875,0.0,4.6768269538879395,-2.873426675796509,5.489015505333513,301.5664367675781,169.32482638888888,483.14537060571257,74.0970993632484
2000-01-01,17:00:00,1.1121154785156477,38.48440236541321,874.062109375,0.0,3.2064595222473145,-1.5368311405181885,3.5557323608895133,295.6080322265625,28.1784375,33.13886372878169,26.02441135762919
2000-01-01,18:00:00,0.40139160156252274,42.6437137782884,874.476484375,0.0,2.3355417251586914,-0.23437023162841797,2.3472717259471247,275.73040771484375,0.0,0.0,0.0
2000-01-01,19:00:00,-0.32642211914060226,45.12408162915556,874.50296875,0.0,1.9419634342193604,0.8600809574127197,2.1239023596081417,246.11181640625,0.0,0.0,0.0
2000-01-01,20:00:00,-0.8850769042968523,44.87532380949133,874.34421875,0.0,1.7128808498382568,1.5481131076812744,2.308812465298384,227.89251708984375,0.0,0.0,0.0
2000-01-01,21:00:00,-0.8012756347656023,44.409684777209755,874.123828125,0.0,1.1608622074127197,1.746522307395935,2.0971269000303137,213.61082458496094,0.0,0.0,0.0
2000-01-01,22:00:00,-4.967871093749977,52.31293096092611,873.45375,0.0,0.7481098175048828,1.908663272857666,2.050039947952948,201.40293884277344,0.0,0.0,0.0
2000-01-01,23:00:00,-5.172705078124977,54.05580059452615,873.18046875,0.0,0.19306373596191406,2.3236160278320312,2.3316228363398483,184.74966430664062,0.0,0.0,0.0
2000-01-02,00:00:00,-5.368231201171852,55.67352903703184,872.0078125,0.0,-0.5042762756347656,2.8548407554626465,2.899036098640133,169.982666015625,0.0,0.0,0.0
2000-01-02,01:00:00,-6.051031494140602,61.27163777774227,870.66765625,0.0,-0.9977626800537109,2.9945807456970215,3.156429027905949,161.57247924804688,0.0,0.0,0.0
2000-01-02,02:00:00,-6.648474121093727,64.46643401039267,869.55671875,0.0,-1.5285882949829102,3.093785285949707,3.450809987686611,153.706787109375,0.0,0.0,0.0
2000-01-02,03:00:00,-7.183843994140602,65.04545975907924,868.31359375,0.0,-1.9443683624267578,3.201523780822754,3.7457072560438744,148.72860717773438,0.0,0.0,0.0
2000-01-02,04:00:00,-8.440802001953102,68.90477732369492,867.40546875,0.0,-1.8252859115600586,3.149254560470581,3.639982547428543,149.90371704101562,0.0,0.0,0.0
2000-01-02,05:00:00,-9.044439697265602,72.27844296809475,866.6825,0.0,-1.4619827270507812,3.1716556549072266,3.4923907409537995,155.25253295898438,0.0,0.0,0.0
2000-01-02,06:00:00,-9.196539306640602,76.56839019626244,866.470859375,0.0,-1.0108819007873535,3.0820512771606445,3.2435971223915914,161.84103393554688,0.0,0.0,0.0
2000-01-02,07:00:00,-9.699316406249977,79.23586287823909,866.162265625,0.0,-0.3569364547729492,3.3167290687561035,3.335879996084633,173.85763549804688,0.0,0.0,0.0
2000-01-02,08:00:00,-10.034490966796852,81.96766040004808,866.6825,0.0,-0.13794565200805664,3.2591261863708496,3.262044221281515,177.57635498046875,31.01079861111111,40.13578434907473,28.40197262842125
2000-01-02,09:00:00,-7.127966308593727,75.54286040807098,866.770625,0.0,0.28792619705200195,2.6777658462524414,2.693200962109007,186.1371307373047,176.46020833333333,396.6790036063831,89.55334075256758
2000-01-02,10:00:00,3.2023864746093977,41.28803961304423,867.185,0.0,0.9973759651184082,2.0185351371765137,2.2514979271169855,206.2943878173828,331.3871875,632.1548010875916,109.07485323154343
2000-01-02,11:00:00,4.653314208984398,35.56288999460707,866.83234375,0.0,1.627100944519043,1.6217164993286133,2.297264000468691,225.09495544433594,448.09534722222224,764.2445090628992,108.6432173038568
2000-01-02,12:00:00,4.675042724609398,31.690691627553345,865.765546875,0.0,2.236642599105835,1.7123874425888062,2.8168849585438767,232.56210327148438,507.4661458333333,819.5288708144295,105.68229042731103
2000-01-02,13:00:00,4.810052490234398,28.925465204500618,864.19609375,0.0,2.5424225330352783,1.5289121866226196,2.966729649106686,238.9789581298828,500.83913194444443,806.1173143871237,108.4068810861305
2000-01-02,14:00:00,6.191156005859398,26.748634875054112,863.4290625,0.0,2.443523406982422,1.0947585105895996,2.6775553844840148,245.866455078125,447.2238194444444,809.3142684842497,95.92555134841741
2000-01-02,15:00:00,5.907189941406273,24.53730033876275,863.129296875,0.0,2.009578227996826,0.589134931564331,2.0941548705929494,253.66079711914062,330.06180555555557,712.4991331539829,90.93963134575516
2000-01-02,16:00:00,6.040643310546898,24.822589747325665,862.98828125,0.0,0.9913210868835449,-0.3965110778808594,1.067679039872102,291.800537109375,175.28006944444445,526.8682851706976,70.88012278929875
2000-01-02,17:00:00,3.3668762207031477,24.724455017027356,862.4415625,0.0,-0.28528499603271484,-0.867999792098999,0.9136800140340663,18.194122314453125,30.048541666666665,37.68362315753683,27.59910616142677
2000-01-02,18:00:00,3.2070251464843977,25.022352485357523,862.6884375,0.0,-0.7626247406005859,-0.7431938648223877,1.0648631910652882,45.73930358886719,0.0,0.0,0.0
2000-01-02,19:00:00,3.1418701171875227,27.774000168602637,862.970625,0.0,-0.8423495292663574,-0.2514376640319824,0.8790754395096669,73.37986755371094,0.0,0.0,0.0
2000-01-02,20:00:00,1.5978027343750227,31.457586983659525,863.49078125,0.0,-0.7333588600158691,0.4408613443374634,0.8556716324004265,121.01233673095703,0.0,0.0,0.0
2000-01-02,21:00:00,0.06151733398439774,36.87063691009885,863.455546875,0.0,-0.4215235710144043,1.430774211883545,1.49157533041805,163.58438110351562,0.0,0.0,0.0
2000-01-02,22:00:00,0.44481811523439774,35.933645979064785,863.808203125,0.0,0.5543484687805176,1.0755577087402344,1.2100109956813812,207.26683044433594,0.0,0.0,0.0
2000-01-02,23:00:00,-1.8192504882812273,42.785107640166586,864.31953125,0.0,1.7633395195007324,0.15604805946350098,1.7702308487582625,264.9427490234375,0.0,0.0,0.0
2000-01-03,00:00:00,-2.1016906738281023,40.50609399257624,864.733984375,0.0,1.9480185508728027,1.073424220085144,2.224188802869481,241.14373779296875,0.0,0.0,0.0
2000-01-03,01:00:00,-3.4051879882812273,41.82561337759337,864.160859375,0.0,1.2557246685028076,2.6404309272766113,2.9238194070094874,205.43463134765625,0.0,0.0,0.0
2000-01-03,02:00:00,-3.7078002929687273,41.730456926398055,863.78171875,0.0,0.6461830139160156,3.131120204925537,3.197102786143499,191.66067504882812,0.0,0.0,0.0
2000-01-03,03:00:00,-4.392156982421852,44.311087971835676,863.358515625,0.0,0.40398120880126953,3.2591261863708496,3.284068256865672,187.0659942626953,0.0,0.0,0.0
2000-01-03,04:00:00,-5.489263916015602,55.02918873535301,862.55625,0.0,0.028568267822265625,3.4095335006713867,3.4096531844348696,180.48007202148438,0.0,0.0,0.0
2000-01-03,05:00:00,-6.057226562499977,61.60834024958039,861.96546875,0.0,0.03260469436645508,3.491670608520508,3.491822834065426,180.53500366210938,0.0,0.0,0.0
2000-01-03,06:00:00,-7.160559082031227,67.34595263111814,861.84203125,0.0,-0.20354175567626953,3.5354058742523193,3.5412602194701233,176.70498657226562,0.0,0.0,0.0
2000-01-03,07:00:00,-7.207128906249977,70.41321605737808,861.50703125,0.0,-0.5718908309936523,3.534339189529419,3.580309013090641,170.8086395263672,0.0,0.0,0.0
2000-01-03,08:00:00,-7.404180908203102,72.15113176409666,861.92140625,0.0,-0.41042280197143555,3.26232647895813,3.288042112213503,172.8294677734375,27.034583333333334,30.503619881627976,25.051848041027515
2000-01-03,09:00:00,-6.550695800781227,66.82330310307051,862.25640625,0.0,-0.18033075332641602,2.682032585144043,2.688088162313452,176.15341186523438,153.18395833333332,242.9535664409108,99.67591934488024
2000-01-03,10:00:00,3.5375610351562727,39.294058718337745,862.476875,0.0,-0.06326675415039062,2.186009407043457,2.1869247380427184,178.34222412109375,316.57173611111114,548.8498148883746,122.87527443617684
2000-01-03,11:00:00,5.059899902343773,35.07816521750111,862.591484375,0.0,0.8409538269042969,1.1075592041015625,1.3906439981444096,217.20887756347656,439.9976388888889,721.0794799017692,118.78098651736748
2000-01-03,12:00:00,5.630944824218773,30.16319267687471,862.1065625,0.0,1.8733396530151367,-0.23863708972930908,1.8884779893219161,277.25958251953125,500.4941666666667,783.5752000468309,115.29542349716723
2000-01-03,13:00:00,6.549615478515648,23.428856617102305,861.489375,0.0,2.4011380672454834,-1.231750249862671,2.698642750719726,297.1571960449219,507.3753472222222,828.7841232900197,102.80863735177245
2000-01-03,14:00:00,7.147058105468773,19.2709171072008,861.46296875,0.0,2.6140739917755127,-2.7624881267547607,3.803251698867456,316.5811767578125,446.13444444444445,797.538094299206,98.91671155974643
2000-01-03,15:00:00,7.243280029296898,18.54525189551445,861.577578125,0.0,1.879394769668579,-3.243577241897583,3.748722185547169,329.9111328125,329.8257638888889,703.936476808115,92.71208138463217
2000-01-03,16:00:00,6.124414062500023,27.18293567885752,862.1946875,0.0,1.1911375522613525,-2.266465187072754,2.560404872792563,332.27587890625,174.89878472222222,514.7544643603313,72.31235014927847
2000-01-03,17:00:00,3.2489257812500227,25.349120276537572,861.868515625,0.0,0.31012773513793945,-0.5725193023681641,0.6511202375029648,331.5560302734375,30.629513888888887,39.15545077097895,28.084409588775255
2000-01-03,18:00:00,2.7290893554687727,26.326640515821488,862.141796875,0.0,1.328385353088379,0.7512758374214172,1.5261137015940158,240.50942993164062,0.0,0.0,0.0
2000-01-03,19:00:00,2.3721557617187727,28.99086069075703,862.803125,0.0,1.9379267692565918,1.1694287061691284,2.263431832817965,238.8914031982422,0.0,0.0,0.0
2000-01-03,20:00:00,2.7399536132812727,29.7269490418403,863.03234375,0.0,2.172055244445801,1.4489084482192993,2.61096910671991,236.2940216064453,0.0,0.0,0.0
2000-01-03,21:00:00,2.5940795898437727,29.74439808237697,863.5878125,0.0,2.338569164276123,1.111825942993164,2.5894135752358607,244.57217407226562,0.0,0.0,0.0
2000-01-03,22:00:00,-1.0867980957031023,39.25287569704372,863.746484375,0.0,2.1569178104400635,0.9560854434967041,2.3593206259980537,246.093994140625,0.0,0.0,0.0
2000-01-03,23:00:00,-0.8059143066406023,39.41909852785429,864.21375,0.0,2.444532632827759,0.5848680734634399,2.5135255034148054,256.54461669921875,0.0,0.0,0.0
2000-01-04,00:00:00,-0.6709045410156023,40.192123076079525,864.125625,0.0,2.442514181137085,0.2744535207748413,2.4578853228174564,263.5888366699219,0.0,0.0,0.0
2000-01-04,01:00:00,-1.3071655273437273,43.78045452060532,863.975703125,0.0,2.087284564971924,0.2723201513290405,2.104973900073325,262.56683349609375,0.0,0.0,0.0
2000-01-04,02:00:00,-1.4545654296874773,46.87538250934449,863.235078125,0.0,1.2880182266235352,1.1214264631271362,1.7078021736478364,228.9552001953125,0.0,0.0,0.0
2000-01-04,03:00:00,-1.7928833007812273,49.09562876474332,863.11171875,0.0,0.9903116226196289,1.463842511177063,1.7673573513652219,214.07894897460938,0.0,0.0,0.0
2000-01-04,04:00:00,-4.534918212890602,61.73086140955267,862.644375,0.0,0.8530640602111816,1.9897336959838867,2.164892254075866,203.20640563964844,0.0,0.0,0.0
2000-01-04,05:00:00,-4.364202880859352,56.795424635273406,862.591484375,0.0,0.8712291717529297,1.8862621784210205,2.077745238342495,204.7913360595703,0.0,0.0,0.0
2000-01-04,06:00:00,-4.781652832031227,59.65736770994275,863.11171875,0.0,1.1618714332580566,1.703853726387024,2.0622955046122944,214.29039001464844,0.0,0.0,0.0
2000-01-04,07:00:00,-5.043890380859352,59.15175576450756,863.702421875,0.0,1.1447155475616455,1.3635711669921875,1.780365134538922,220.01339721679688,0.0,0.0,0.0
2000-01-04,08:00:00,-5.808935546874977,60.097558207127236,864.1696875,0.0,1.3233394622802734,0.42806077003479004,1.3908498679839678,252.0751495361328,29.758020833333333,36.95986544837475,27.355629579188975
2000-01-04,09:00:00,-4.269537353515602,55.94459088428459,865.09546875,0.0,1.1144402027130127,-0.3250410556793213,1.1608740902010641,286.260009765625,172.62927083333332,357.4851758373322,93.45284945119315
2000-01-04,10:00:00,2.3457885742187727,43.029647556452424,865.47453125,0.0,0.33031129837036133,-0.6685237884521484,0.7456739297826677,333.7064514160156,326.81180555555557,595.1840515692257,115.96935661423396
2000-01-04,11:00:00,2.5226989746093977,43.72059728989961,865.0778125,0.0,-0.500239372253418,-0.6130545139312744,0.7912491811079522,39.213714599609375,444.1917361111111,733.8586805569017,116.25619089870696
2000-01-04,12:00:00,2.8501220703125227,41.704175412188675,863.9228125,0.0,-0.667762279510498,-1.3032200336456299,1.4643390720841853,27.130340576171875,507.3753472222222,806.8316606544696,109.58985255024939
2000-01-04,13:00:00,3.0875488281250227,37.689711039056704,863.041171875,0.0008940696716308594,-0.725285530090332,-2.311267137527466,2.42239445201908,17.422088623046875,504.57930555555555,810.103997962413,107.97438327462169
2000-01-04,14:00:00,3.5437866210937727,35.53426209318836,862.238828125,0.0,-1.5215239524841309,-2.3400685787200928,2.791228419727774,33.03211975097656,442.41243055555555,772.8393719263925,104.87230785070864
2000-01-04,15:00:00,3.4661804199218977,35.02777079884467,862.485703125,0.011621043086051941,-1.6971206665039062,-2.1075243949890137,2.7058968258506217,38.84336853027344,242.00416666666666,268.74919149358516,151.1232677346958
2000-01-04,16:00:00,2.3349243164062727,38.336302861936545,862.45921875,0.011621043086051941,-1.876753807067871,-1.5709660053253174,2.4474760554970776,50.06846618652344,116.12711805555556,114.46466915294242,93.17473782794562
2000-01-04,17:00:00,1.7204223632812727,40.638056737497344,861.762734375,0.009832903742790222,-1.2995057106018066,-1.6125679016113281,2.071011909476589,38.86399841308594,19.971840277777776,16.64786183571372,18.889729258456384
2000-01-04,18:00:00,1.6629882812500227,41.866483742937,862.591484375,0.011621043086051941,-0.9422578811645508,-1.6029675006866455,1.8593963329194503,30.447906494140625,0.0,0.0,0.0
2000-01-04,19:00:00,0.5813842773437727,47.48160317163263,863.19984375,0.02413615584373474,-1.0189552307128906,-1.8141772747039795,2.080747208636724,29.3212890625,0.0,0.0,0.0
2000-01-04,20:00:00,-0.04089965820310226,50.24414623490854,863.949296875,0.023242086172103882,0.2626967430114746,-2.572613000869751,2.5859905705614827,354.1695556640625,0.0,0.0,0.0
2000-01-04,21:00:00,-0.23331298828122726,51.02322452918971,864.93671875,0.03396905958652496,0.46453189849853516,-2.6163480281829834,2.657266808075478,349.93206787109375,0.0,0.0,0.0
2000-01-04,22:00:00,-2.7099975585937273,58.74178183873985,865.4128125,0.06883405148983002,0.36765098571777344,-2.214195966720581,2.2445113112526163,350.57244873046875,0.0,0.0,0.0
2000-01-04,23:00:00,-3.1258605957031023,61.83046761962734,865.518671875,0.12336485087871552,0.45544910430908203,-1.7608416080474854,1.8187899975662938,345.498046875,0.0,0.0,0.0
2000-01-05,00:00:00,-3.1910461425781023,63.845815878167386,864.945546875,0.12425892055034637,0.9963669776916504,-1.3021533489227295,1.6396190101194466,322.5779113769531,0.0,0.0,0.0
2000-01-05,01:00:00,-3.6798767089843523,67.82781291776148,864.963203125,0.04112161695957184,1.4726972579956055,-0.9960057735443115,1.7778820868216703,304.071044921875,0.0,0.0,0.0
2000-01-05,02:00:00,-4.032141113281227,71.41395647943166,864.963203125,0.0008940696716308594,2.121596574783325,-0.8327982425689697,2.279193923069799,291.4316711425781,0.0,0.0,0.0
2000-01-05,03:00:00,-4.151617431640602,74.51516732778806,865.501015625,0.002682209014892578,2.750312566757202,-0.8103971481323242,2.867222131709295,286.4179382324219,0.0,0.0,0.0
2000-01-05,04:00:00,-6.795874023437477,84.763012714576,865.5715625,0.0125151127576828,3.359853982925415,-1.0696091651916504,3.5260009292173695,287.65887451171875,0.0,0.0,0.0
2000-01-05,05:00:00,-5.515661621093727,71.43448846028976,866.303359375,0.0420156866312027,3.0853586196899414,-2.2120625972747803,3.7964007620846707,305.6388244628906,0.0,0.0,0.0
2000-01-05,06:00:00,-5.278234863281227,75.23346910434147,867.94328125,0.11889450252056122,2.725083112716675,-3.1422393321990967,4.15929633376039,319.0667724609375,0.0,0.0,0.0
2000-01-05,07:00:00,-5.407019042968727,80.84882287706169,868.85140625,0.224381685256958,2.131688356399536,-3.1123712062835693,3.7723931097530645,325.5924072265625,0.0,0.0,0.0
2000-01-05,08:00:00,-5.303045654296852,83.005576978594,869.80359375,0.28427690267562866,2.3627893924713135,-2.783822774887085,3.6513617946123866,319.67681884765625,7.807152777777778,2.5440288504119697,7.641790902501
2000-01-05,09:00:00,-5.493933105468727,86.36881856593638,870.6853125,0.2574566751718521,2.5313215255737305,-2.99823260307312,3.923899515528339,319.8265380859375,34.96885416666667,4.343616474267645,34.001047003305644
2000-01-05,10:00:00,-4.790960693359352,76.24098328486846,871.49640625,0.2449415624141693,3.0934319496154785,-3.6542632579803467,4.787792934696212,319.7511901855469,91.45284722222222,11.65869715714011,87.30613462340256
2000-01-05,11:00:00,-5.357366943359352,72.94721547988122,871.875546875,0.12694112956523895,3.7514138221740723,-4.133218765258789,5.581810013489,317.7723083496094,133.64788194444444,15.66864160112226,126.62266971978543
2000-01-05,12:00:00,-5.394598388671852,65.45137540864759,871.5934375,0.15822984278202057,3.8422393798828125,-3.9166758060455322,5.486634015677069,315.5496826171875,219.16364583333333,34.63185495169087,202.03637805190283
2000-01-05,13:00:00,-4.699407958984352,55.93021071149713,870.782265625,0.12336485087871552,4.247927665710449,-3.892141103744507,5.761393219054375,312.497314453125,428.01454861111114,504.37407526923283,180.31591269578303
2000-01-05,14:00:00,-4.863897705078102,51.932594024626525,870.888046875,0.12425892055034637,4.418478488922119,-3.871873617172241,5.874892123641246,311.227783203125,388.1071875,528.734385304565,156.3933849824572
2000-01-05,15:00:00,-5.107519531249977,48.84663753365043,871.381796875,0.11084973812103271,4.703065395355225,-3.8697402477264404,6.090460877295058,309.4479675292969,295.4378819444444,501.75848131763155,125.05144710563366
2000-01-05,16:00:00,-6.356726074218727,45.89514124775844,871.769765625,0.033076852560043335,4.35590934753418,-3.2809126377105713,5.453286530178346,306.9874267578125,152.76635416666667,324.94665551044545,87.18123159330541
2000-01-05,17:00:00,-7.200903320312477,53.24090191075005,871.66390625,0.046486034989356995,3.331597089767456,-1.9752514362335205,3.8731327636539348,300.66302490234375,22.0053125,20.211184036944893,20.69158553759858
2000-01-05,18:00:00,-7.205572509765602,56.40231340214148,872.845390625,0.017879530787467957,2.9723308086395264,-1.7427072525024414,3.4455448050942987,300.3835144042969,0.0,0.0,0.0
2000-01-05,19:00:00,-7.311071777343727,58.82024467531289,873.8240625,0.0,3.1388447284698486,-1.487762212753296,3.4735835431351787,295.3601989746094,0.0,0.0,0.0
2000-01-05,20:00:00,-7.362280273437477,61.9294111464866,874.370703125,0.0,3.464808225631714,-1.3704233169555664,3.7259839114065807,291.5801086425781,0.0,0.0,0.0
2000-01-05,21:00:00,-7.503515624999977,63.19489172748101,875.014296875,0.0017881393432617188,3.6373770236968994,-1.0909435749053955,3.7974556608531294,286.6953430175781,0.0,0.0,0.0
2000-01-05,22:00:00,-11.519567871093727,66.00091327116505,875.181875,0.022348016500473022,3.452698230743408,-0.762394905090332,3.5358692091035206,282.4517517089844,0.0,0.0,0.0
2000-01-05,23:00:00,-11.871832275390602,64.22193421534611,875.27,0.002682209014892578,3.1398539543151855,-0.23117005825042725,3.1483523389640196,274.21075439453125,0.0,0.0,0.0
2000-01-06,00:00:00,-12.134100341796852,61.476356615528694,874.987890625,0.0,2.959211587905884,0.07071065902709961,2.960056286508165,268.63116455078125,0.0,0.0,0.0
2000-01-06,01:00:00,-12.363745117187477,59.617698510935234,874.661640625,0.017879530787467957,2.6988446712493896,0.16884863376617432,2.704121376834984,266.4200439453125,0.0,0.0,0.0
2000-01-06,02:00:00,-12.562384033203102,58.9046187816418,874.3265625,0.0,2.450587511062622,0.372591495513916,2.4787504053263194,261.3548583984375,0.0,0.0,0.0
2000-01-06,03:00:00,-12.788946533203102,58.14211618141957,874.5734375,0.0,2.1851747035980225,0.5315322875976562,2.2488919622790915,256.32861328125,0.0,0.0,0.0
2000-01-06,04:00:00,-14.283331298828102,51.5491874891986,874.203203125,0.0,2.0529727935791016,0.8046116828918457,2.2050163834815444,248.59854125976562,0.0,0.0,0.0
2000-01-06,05:00:00,-15.557379150390602,64.5695422058394,873.78,0.0,1.5847156047821045,1.1054257154464722,1.932172238805396,235.10211181640625,0.0,0.0,0.0
2000-01-06,06:00:00,-15.779272460937477,64.64917688400902,874.018046875,0.0,1.3788440227508545,1.3593041896820068,1.9362124674639445,225.4088592529297,0.0,0.0,0.0
2000-01-06,07:00:00,-16.027563476562477,67.36436460700503,874.353046875,0.0,1.5877432823181152,1.8563941717147827,2.442770568703274,220.53982543945312,0.0,0.0,0.0
2000-01-06,08:00:00,-16.185858154296852,64.97609698539117,874.855625,0.0,1.2093026638031006,2.0494699478149414,2.37965123488251,210.54299926757812,31.718888888888888,41.99437196069405,28.989254711443774
2000-01-06,09:00:00,-15.147680664062477,52.8247228730967,874.952578125,0.0,1.8501286506652832,1.4713094234466553,2.3638374401670412,231.50662231445312,182.45177083333334,409.58707271391506,90.61076070383221
2000-01-06,10:00:00,-9.188757324218727,37.14839340640966,875.181875,0.0,2.6726059913635254,0.7843440771102905,2.7853219591943414,253.6443328857422,343.2795138888889,668.2991542356142,104.56523193489339
2000-01-06,11:00:00,-8.918768310546852,36.980364466961994,874.185546875,0.0,2.7674684524536133,0.13044679164886475,2.770541102524465,267.30133056640625,464.7445833333333,814.9336690707877,98.06081611084744
2000-01-06,12:00:00,-8.738745117187477,35.28909372411117,873.14515625,0.0,2.6231565475463867,-0.7922630310058594,2.7401881291681542,286.80572509765625,530.0887847222223,879.2386420635777,93.82571489583334
2000-01-06,13:00:00,-8.405096435546852,33.98288170691775,871.69921875,0.0,2.3708627223968506,-1.6157681941986084,2.8690933944078636,304.27484130859375,532.6851041666666,889.7388192014196,94.28526343749999
2000-01-06,14:00:00,-8.173895263671852,33.405542743504746,870.95859375,0.0,1.8874680995941162,-2.1256585121154785,2.8427029280447886,318.39666748046875,472.06152777777777,883.3139619458542,83.55489041666667
2000-01-06,15:00:00,-7.998541259765602,31.32028154963718,870.50890625,0.0,1.3717796802520752,-2.4104716777801514,2.773473129585492,330.35614013671875,354.44555555555553,828.4268363045005,71.87975331240462
2000-01-06,16:00:00,-6.861059570312477,20.90396779081956,870.579453125,0.0,1.0226054191589355,-2.2632648944854736,2.4835639363430055,335.68524169921875,194.58013888888888,661.268824652305,60.187866525013746
2000-01-06,17:00:00,-9.087896728515602,34.36143585659008,869.35390625,0.0,0.6804952621459961,-0.9885387420654297,1.2001177635413327,325.4570617675781,37.928333333333335,118.69533794856929,30.21313636667633
2000-01-06,18:00:00,-8.732550048828102,33.48482217751289,869.900625,0.0,0.8328804969787598,-0.7858626842498779,1.145107017157789,313.33624267578125,0.0,0.0,0.0
2000-01-06,19:00:00,-9.427740478515602,33.939443464772495,870.394296875,0.0,1.234532117843628,-0.6642570495605469,1.401894067994567,298.2830810546875,0.0,0.0,0.0
2000-01-06,20:00:00,-9.669836425781227,33.989811186497,871.073203125,0.0,1.195174217224121,-0.7346601486206055,1.402913733444983,301.57855224609375,0.0,0.0,0.0
2000-01-06,21:00:00,-10.042272949218727,34.379736652508036,871.45234375,0.0,1.2668256759643555,0.09737861156463623,1.2705628230326915,265.60443115234375,0.0,0.0,0.0
2000-01-06,22:00:00,-11.918402099609352,31.44642402722098,871.196640625,0.0,0.44232988357543945,0.33205628395080566,0.5530977324262684,233.10450744628906,0.0,0.0,0.0
2000-01-06,23:00:00,-12.183752441406227,31.751702187951718,870.614765625,0.0,-0.3095054626464844,0.1464475393295288,0.3424040203965021,115.32193756103516,0.0,0.0,0.0
2000-01-07,00:00:00,-12.453771972656227,33.185021930271226,869.96234375,0.0,-0.48510169982910156,0.23711848258972168,0.5399526219611642,116.04945373535156,0.0,0.0,0.0
2000-01-07,01:00:00,-12.737738037109352,35.08784535012827,869.133515625,0.0,-0.7656521797180176,0.2360517978668213,0.8012138987705532,107.13461303710938,0.0,0.0,0.0
2000-01-07,02:00:00,-13.538488769531227,39.26307191790789,868.287109375,0.0,-1.2086801528930664,0.3715248107910156,1.2644913590178883,107.08641815185547,0.0,0.0,0.0
2000-01-07,03:00:00,-14.589056396484352,44.89912910385435,867.564140625,0.0,-1.6002397537231445,0.20831716060638428,1.6137420205221826,97.41698455810547,0.0,0.0,0.0
2000-01-07,04:00:00,-15.451849365234352,42.05752739865918,866.841171875,0.0,-1.822258472442627,0.07497763633728027,1.8238003142722785,92.35613250732422,0.0,0.0,0.0
2000-01-07,05:00:00,-16.691748046874977,56.50414674235831,866.241640625,0.0,-1.8807902336120605,0.2733868360519409,1.9005557779178701,98.27043914794922,0.0,0.0,0.0
2000-01-07,06:00:00,-16.539648437499977,58.18415548942261,866.135859375,0.0,-1.6819829940795898,0.19658327102661133,1.6934319516356315,96.66625213623047,0.0,0.0,0.0
2000-01-07,07:00:00,-15.333898925781227,58.19893796836768,866.37390625,0.0,-1.174367904663086,0.5251319408416748,1.2864305386591657,114.09235382080078,0.0,0.0,0.0
2000-01-07,08:00:00,-15.915838623046852,63.31150230114926,866.611953125,0.0,-0.4063858985900879,1.289967656135559,1.352466654838019,162.51370239257812,30.756631944444443,39.48710473205216,28.189970136861053
2000-01-07,09:00:00,-13.566412353515602,52.271883507589145,866.770625,0.0,0.23645830154418945,1.3145021200180054,1.3356003713315572,190.1975555419922,177.07753472222223,365.0370470952443,94.67703963660102
2000-01-07,10:00:00,-4.904241943359352,41.9263131486005,866.74421875,0.0,0.8591189384460449,1.3433034420013428,1.5945373898687085,212.60122680664062,337.5421527777778,629.3323734505094,111.73102263772546
2000-01-07,11:00:00,-4.150061035156227,38.81241265556491,866.276875,0.0,1.4878349304199219,1.196096658706665,1.909004975673689,231.20358276367188,458.51697916666666,777.7155089005374,107.26476374846233
2000-01-07,12:00:00,-2.2894653320312273,32.117864681332115,865.18359375,0.0,2.4364590644836426,0.7694100141525269,2.5550586182674357,252.47439575195312,523.6977777777778,855.8688803194733,97.55046592810024
2000-01-07,13:00:00,-0.9362854003906023,28.87104788379546,864.460625,0.0,3.1025145053863525,0.1357804536819458,3.1054842758794963,267.49407958984375,526.2396527777778,875.9043162963818,93.14441854166667
2000-01-07,14:00:00,-0.5684875488281023,27.833794096410706,863.825859375,0.0,3.4143495559692383,-0.5426511764526367,3.457203087707282,279.0306396484375,465.4526736111111,861.2044399425943,85.22154583086314
2000-01-07,15:00:00,0.13137207031252274,27.035302512235603,863.702421875,0.0,3.1499457359313965,-1.1602802276611328,3.3568449988067304,290.22125244140625,348.8171527777778,783.3101080533689,80.38640163764829
2000-01-07,16:00:00,1.0593505859375227,22.93870320649054,863.86109375,0.0,1.9399452209472656,-1.3149540424346924,2.343606535660684,304.130615234375,191.56618055555555,619.9308159884791,64.65387612992939
2000-01-07,17:00:00,-3.3617614746093523,32.38277127079541,864.425390625,0.0,0.7067337036132812,-0.5693192481994629,0.907522415256696,308.8536682128906,38.09173611111111,121.14980615651803,30.21699871093744
2000-01-07,18:00:00,-1.9418395996093523,28.750468456489646,864.43421875,0.0,0.8833394050598145,0.2691199779510498,0.9234251821689727,253.05599975585938,0.0,0.0,0.0
2000-01-07,19:00:00,-4.955450439453102,34.0577110866188,864.72515625,0.0,0.9580183029174805,1.001954197883606,1.3862580147221764,223.71583557128906,0.0,0.0,0.0
2000-01-07,20:00:00,-5.549780273437477,37.26670084702724,865.1571875,0.0,1.0801281929016113,1.3710381984710693,1.7454004282019917,218.23165893554688,0.0,0.0,0.0
2000-01-07,21:00:00,-5.900488281249977,36.82356772767294,865.113125,0.0,1.054898977279663,1.5619803667068481,1.8848327560405298,214.03350830078125,0.0,0.0,0.0
2000-01-07,22:00:00,-9.778448486328102,44.43799662040022,865.21890625,0.0,1.0296695232391357,1.8585275411605835,2.124698554698975,208.98751831054688,0.0,0.0,0.0
2000-01-07,23:00:00,-10.104345703124977,46.00286151550702,864.93671875,0.0,0.7602200508117676,1.9950673580169678,2.135000770182777,200.8593292236328,0.0,0.0,0.0
